id.S	__typename.S	countOutside.N	createdAt.S	distance.N	distance_left_button_point.N	distance_questionary_point.N	distance_right_button_point.N	dt.N	element.S	epoch.N	height.N	isMouseDetected.BOOL	isPositionOutside.BOOL	isTouchDetected.BOOL	questionID.S	questionaryInteractionID.S	speed.N	speedAverage.N	sumDistance.N	sumTimeMiliseconds.N	sumTimeMilisecondsBeforeNextQuestion.N	type.S	updatedAt.S	width.N	x.N	y.N
f79c00a5-770b-4d2c-ac90-668c9191d7a2	Interaction	0	2020-12-10T13:41:20.113Z	0	203.94361965994426	211.74040710265956	340.57745080965066	0	questionary	1607607671362	561.796875	False	False	True	d08eac4d-48d3-4efb-ad71-e595e2bed2c1	d08eac4d-48d3-4efb-ad71-e595e2bed2c1	0	0	0	0	0	position	2020-12-10T13:41:20.113Z	400	147	505
d140ffb1-9b1e-43fc-b685-35817e2a4d89	Interaction	0	2020-12-10T13:41:21.124Z	0	211.0781845667619	531.5947704784162	346.63237009835075	3	questionary	1607607679175	0	False	False	False	d08eac4d-48d3-4efb-ad71-e595e2bed2c1	d08eac4d-48d3-4efb-ad71-e595e2bed2c1	0	0.00017242520527607145	8.06225774829855	7810	7793	position	2020-12-10T13:41:21.124Z	0	143	512
a3659018-8885-4821-aa20-87de8a0f620d	Interaction	0	2020-12-10T13:41:11.687Z	0	203.94361965994426	211.74040710265956	340.57745080965066	5	questionary	1607607671372	561.796875	True	False	False	d08eac4d-48d3-4efb-ad71-e595e2bed2c1	d08eac4d-48d3-4efb-ad71-e595e2bed2c1	0	0	0	5	5	position	2020-12-10T13:41:11.687Z	400	147	505
90d3993f-d7f6-485e-b381-a6c4723b58e2	Interaction	0	2020-12-10T13:41:19.628Z	0	211.0781845667619	219.52904135899652	346.63237009835075	5	questionary	1607607679180	561.796875	True	False	False	d08eac4d-48d3-4efb-ad71-e595e2bed2c1	d08eac4d-48d3-4efb-ad71-e595e2bed2c1	0	0.00014779303309377554	8.06225774829855	7813	7796	position	2020-12-10T13:41:19.628Z	400	143	512
fa80bcca-34cb-477d-aab2-a54b53b01e8b	Interaction	0	2020-12-10T13:41:20.282Z	10.816653826391969	124.00403219250575	251.0019920239678	195.38935487891862	6	questionary	1607607680008	561.796875	True	False	False	d08eac4d-48d3-4efb-ad71-e595e2bed2c1	d08eac4d-48d3-4efb-ad71-e595e2bed2c1	1.8027756377319948	0.01901871196438434	190.95020158276785	8640	810	position	2020-12-10T13:41:20.282Z	400	319	521
3fe3ec88-3d2c-4cb9-88e6-04113bfd77d5	Interaction	0	2020-12-10T13:41:19.593Z	0	203.94361965994426	211.74040710265956	340.57745080965066	3	questionary	1607607671379	561.796875	True	False	False	d08eac4d-48d3-4efb-ad71-e595e2bed2c1	d08eac4d-48d3-4efb-ad71-e595e2bed2c1	0	0	0	14	14	position	2020-12-10T13:41:19.593Z	400	147	505
0faea319-fdaf-4f91-8735-e31191b8313b	Interaction	0	2020-12-10T13:41:21.168Z	213.9369065869655	257.9379770409933	258.68320393871727	391.44859177163994	959	questionary	1607607680976	585.796875	False	False	True	d08eac4d-48d3-4efb-ad71-e595e2bed2c1	d08eac4d-48d3-4efb-ad71-e595e2bed2c1	0.22308332282269605	0.1354000120869738	201.7668554091598	8655	0	position	2020-12-10T13:41:21.168Z	400	106	541
64091c1b-f4ec-4592-a8d2-cf05af9150a1	Interaction	0	2020-12-10T13:41:20.271Z	0	133.09395177843356	621.7113478134366	196.7587355112855	5	questionary	1607607680002	0	False	False	False	d08eac4d-48d3-4efb-ad71-e595e2bed2c1	d08eac4d-48d3-4efb-ad71-e595e2bed2c1	0	0.02074768577932837	190.95020158276785	8635	805	position	2020-12-10T13:41:20.271Z	0	325	530
81690d38-f7dc-4225-857f-cb3626416b86	Interaction	0	2020-12-10T13:41:21.296Z	0	203.94361965994426	211.74040710265956	340.57745080965066	4	questionary	1607607671376	561.796875	True	False	False	d08eac4d-48d3-4efb-ad71-e595e2bed2c1	d08eac4d-48d3-4efb-ad71-e595e2bed2c1	0	0	0	10	10	position	2020-12-10T13:41:21.296Z	400	147	505
51442e72-a383-41b3-9a3f-edb9427269c3	Interaction	0	2020-12-10T13:41:20.133Z	0	203.94361965994426	211.74040710265956	340.57745080965066	3	questionary	1607607671379	561.796875	True	False	False	d08eac4d-48d3-4efb-ad71-e595e2bed2c1	d08eac4d-48d3-4efb-ad71-e595e2bed2c1	0	0	0	14	14	position	2020-12-10T13:41:20.133Z	400	147	505
6defa8ce-96c6-4c20-b365-40c1401db27e	Interaction	0	2020-12-10T13:41:21.300Z	0	203.94361965994426	211.74040710265956	340.57745080965066	3	questionary	1607607671379	561.796875	True	False	False	d08eac4d-48d3-4efb-ad71-e595e2bed2c1	d08eac4d-48d3-4efb-ad71-e595e2bed2c1	0	0	0	14	14	position	2020-12-10T13:41:21.300Z	400	147	505
5b555657-dd21-4519-b483-c0ebbc0c49b7	Interaction	0	2020-12-10T13:41:21.139Z	10.816653826391969	124.00403219250575	251.0019920239678	195.38935487891862	6	questionary	1607607680008	561.796875	True	False	False	d08eac4d-48d3-4efb-ad71-e595e2bed2c1	d08eac4d-48d3-4efb-ad71-e595e2bed2c1	1.8027756377319948	0.01901871196438434	190.95020158276785	8640	810	position	2020-12-10T13:41:21.139Z	400	319	521
a7b76a62-8dcb-4a4a-ac2f-b2cb129bd020	Interaction	0	2020-12-10T13:41:19.591Z	0	203.94361965994426	211.74040710265956	340.57745080965066	0	questionary	1607607671362	561.796875	False	False	True	d08eac4d-48d3-4efb-ad71-e595e2bed2c1	d08eac4d-48d3-4efb-ad71-e595e2bed2c1	0	0	0	0	0	position	2020-12-10T13:41:19.591Z	400	147	505
8560121e-a1ed-44dd-80a3-a85ad713c182	Interaction	0	2020-12-10T13:41:21.335Z	0	211.0781845667619	219.52904135899652	346.63237009835075	5	questionary	1607607679180	561.796875	True	False	False	d08eac4d-48d3-4efb-ad71-e595e2bed2c1	d08eac4d-48d3-4efb-ad71-e595e2bed2c1	0	0.00014779303309377554	8.06225774829855	7813	7796	position	2020-12-10T13:41:21.335Z	400	143	512
a9bd59af-ada0-4b3a-91f6-3abc4ea4c1eb	Interaction	0	2020-12-10T13:41:22.189Z	8.06225774829855	211.0781845667619	219.52904135899652	346.63237009835075	7793	questionary	1607607679172	561.796875	False	False	True	d08eac4d-48d3-4efb-ad71-e595e2bed2c1	d08eac4d-48d3-4efb-ad71-e595e2bed2c1	0.0010345512316564287	0	0	17	0	position	2020-12-10T13:41:22.189Z	400	143	512
d4a97240-9561-41a6-b2fb-c4ff526990ee	Interaction	0	2020-12-10T13:41:20.267Z	8.06225774829855	211.0781845667619	219.52904135899652	346.63237009835075	7793	questionary	1607607679172	561.796875	False	False	True	d08eac4d-48d3-4efb-ad71-e595e2bed2c1	d08eac4d-48d3-4efb-ad71-e595e2bed2c1	0.0010345512316564287	0	0	17	0	position	2020-12-10T13:41:20.267Z	400	143	512
3e10d4b3-d2e0-44ea-a9a0-4a334b3cc403	Interaction	0	2020-12-10T13:41:11.676Z	0	203.94361965994426	211.74040710265956	340.57745080965066	4	questionary	1607607671376	561.796875	True	False	False	d08eac4d-48d3-4efb-ad71-e595e2bed2c1	d08eac4d-48d3-4efb-ad71-e595e2bed2c1	0	0	0	10	10	position	2020-12-10T13:41:11.676Z	400	147	505
7625c4d0-d48d-4ef0-876e-39c483d76c8d	Interaction	0	2020-12-10T13:41:21.335Z	0	211.0781845667619	219.52904135899652	346.63237009835075	9	questionary	1607607679189	561.796875	True	False	False	d08eac4d-48d3-4efb-ad71-e595e2bed2c1	d08eac4d-48d3-4efb-ad71-e595e2bed2c1	0	0.0001293189039570536	8.06225774829855	7818	7801	position	2020-12-10T13:41:21.335Z	400	143	512
46d4d629-d735-4fd3-b507-fe89e1dc4da5	Interaction	0	2020-12-10T13:41:11.679Z	0	203.94361965994426	525.9600745303773	340.57745080965066	5	questionary	1607607671367	0	False	False	False	d08eac4d-48d3-4efb-ad71-e595e2bed2c1	d08eac4d-48d3-4efb-ad71-e595e2bed2c1	0	0	0	0	0	position	2020-12-10T13:41:11.679Z	0	147	505
1fc9dae5-1228-4aa1-a3a4-1190f06e3deb	Interaction	0	2020-12-10T13:41:11.684Z	0	203.94361965994426	211.74040710265956	340.57745080965066	0	questionary	1607607671362	561.796875	False	False	True	d08eac4d-48d3-4efb-ad71-e595e2bed2c1	d08eac4d-48d3-4efb-ad71-e595e2bed2c1	0	0	0	0	0	position	2020-12-10T13:41:11.684Z	400	147	505
071eb7b7-2dda-4c1d-9441-769866443e0f	Interaction	0	2020-12-10T13:41:22.142Z	0	111.94641575325224	219.69296757065302	214.0840956259946	3	questionary	1607607681985	561.796875	False	False	True	d08eac4d-48d3-4efb-ad71-e595e2bed2c1	d08eac4d-48d3-4efb-ad71-e595e2bed2c1	0	0.10606220622209629	597.7147506753806	10620	991	position	2020-12-10T13:41:22.142Z	400	284	503
1fb19ece-878c-4292-aa88-d7d5cd1d6850	Interaction	0	2020-12-10T13:41:22.140Z	0	211.0781845667619	219.52904135899652	346.63237009835075	3	questionary	1607607679192	561.796875	True	False	False	d08eac4d-48d3-4efb-ad71-e595e2bed2c1	d08eac4d-48d3-4efb-ad71-e595e2bed2c1	0	0.0001149501368507143	8.06225774829855	7827	7810	position	2020-12-10T13:41:22.140Z	400	143	512
cf7744ed-8c92-461d-a135-9038c82dda71	Interaction	0	2020-12-10T13:41:22.138Z	0	124.00403219250575	251.0019920239678	195.38935487891862	7	questionary	1607607680017	561.796875	True	False	False	d08eac4d-48d3-4efb-ad71-e595e2bed2c1	d08eac4d-48d3-4efb-ad71-e595e2bed2c1	0	0.14507144152175763	201.7668554091598	8648	818	position	2020-12-10T13:41:22.138Z	400	319	521
485a1e65-a807-4a3a-a66d-68c179a3cfa3	Interaction	0	2020-12-10T13:41:22.142Z	0	211.0781845667619	531.5947704784162	346.63237009835075	3	questionary	1607607679175	0	False	False	False	d08eac4d-48d3-4efb-ad71-e595e2bed2c1	d08eac4d-48d3-4efb-ad71-e595e2bed2c1	0	0.00017242520527607145	8.06225774829855	7810	7793	position	2020-12-10T13:41:22.142Z	0	143	512
03dc8cc9-278b-4f7b-a04f-1fca2c0841fe	Interaction	0	2020-12-10T13:41:19.601Z	0	211.0781845667619	219.52904135899652	346.63237009835075	3	questionary	1607607679192	561.796875	True	False	False	d08eac4d-48d3-4efb-ad71-e595e2bed2c1	d08eac4d-48d3-4efb-ad71-e595e2bed2c1	0	0.0001149501368507143	8.06225774829855	7827	7810	position	2020-12-10T13:41:19.601Z	400	143	512
c21c3488-3a39-4364-ae68-6bb020daf974	Interaction	0	2020-12-10T13:41:19.571Z	0	203.94361965994426	525.9600745303773	340.57745080965066	5	questionary	1607607671367	0	False	False	False	d08eac4d-48d3-4efb-ad71-e595e2bed2c1	d08eac4d-48d3-4efb-ad71-e595e2bed2c1	0	0	0	0	0	position	2020-12-10T13:41:19.571Z	0	147	505
bc17402b-c955-4b5b-ad24-bb392dc3492f	Interaction	0	2020-12-10T13:41:22.101Z	0	203.94361965994426	211.74040710265956	340.57745080965066	0	questionary	1607607671362	561.796875	False	False	True	d08eac4d-48d3-4efb-ad71-e595e2bed2c1	d08eac4d-48d3-4efb-ad71-e595e2bed2c1	0	0	0	0	0	position	2020-12-10T13:41:22.101Z	400	147	505
802e2e48-63e7-476a-a78e-9662f5633b6b	Interaction	0	2020-12-10T13:41:22.256Z	182.0109886792553	111.94641575325224	219.69296757065302	214.0840956259946	982	questionary	1607607681973	561.796875	False	False	True	d08eac4d-48d3-4efb-ad71-e595e2bed2c1	d08eac4d-48d3-4efb-ad71-e595e2bed2c1	0.1853472389809117	0.11270417520636515	415.7037619961253	9629	0	position	2020-12-10T13:41:22.256Z	400	284	503
2b0692c7-1d1e-477a-8dc4-3ea43bb4419a	Interaction	0	2020-12-10T13:41:20.122Z	0	203.94361965994426	525.9600745303773	340.57745080965066	5	questionary	1607607671367	0	False	False	False	d08eac4d-48d3-4efb-ad71-e595e2bed2c1	d08eac4d-48d3-4efb-ad71-e595e2bed2c1	0	0	0	0	0	position	2020-12-10T13:41:20.122Z	0	147	505
dd35994f-181e-4abd-bf26-0a1a06f55d62	Interaction	0	2020-12-10T13:41:11.682Z	0	203.94361965994426	211.74040710265956	340.57745080965066	3	questionary	1607607671379	561.796875	True	False	False	d08eac4d-48d3-4efb-ad71-e595e2bed2c1	d08eac4d-48d3-4efb-ad71-e595e2bed2c1	0	0	0	14	14	position	2020-12-10T13:41:11.682Z	400	147	505
06621d13-2d19-4a58-8454-bb4363d6b261	Interaction	0	2020-12-10T13:41:19.586Z	0	211.0781845667619	531.5947704784162	346.63237009835075	3	questionary	1607607679175	0	False	False	False	d08eac4d-48d3-4efb-ad71-e595e2bed2c1	d08eac4d-48d3-4efb-ad71-e595e2bed2c1	0	0.00017242520527607145	8.06225774829855	7810	7793	position	2020-12-10T13:41:19.586Z	0	143	512
c5e622af-4bee-458f-962d-bb4315e0f737	Interaction	0	2020-12-10T13:41:20.282Z	0	211.0781845667619	219.52904135899652	346.63237009835075	3	questionary	1607607679192	561.796875	True	False	False	d08eac4d-48d3-4efb-ad71-e595e2bed2c1	d08eac4d-48d3-4efb-ad71-e595e2bed2c1	0	0.0001149501368507143	8.06225774829855	7827	7810	position	2020-12-10T13:41:20.282Z	400	143	512
0264445e-d146-44e6-ac16-f724be052d6d	Interaction	0	2020-12-10T13:41:22.150Z	0	257.9379770409933	551.2866767844113	391.44859177163994	4	questionary	1607607680980	0	False	False	False	d08eac4d-48d3-4efb-ad71-e595e2bed2c1	d08eac4d-48d3-4efb-ad71-e595e2bed2c1	0	0.14088021900795644	415.7037619961253	9614	959	position	2020-12-10T13:41:22.150Z	0	106	541
00152c52-a3dc-486e-9408-c2edc855b9bd	Interaction	0	2020-12-10T13:41:20.128Z	0	211.0781845667619	531.5947704784162	346.63237009835075	3	questionary	1607607679175	0	False	False	False	d08eac4d-48d3-4efb-ad71-e595e2bed2c1	d08eac4d-48d3-4efb-ad71-e595e2bed2c1	0	0.00017242520527607145	8.06225774829855	7810	7793	position	2020-12-10T13:41:20.128Z	0	143	512
3f5e6092-7c69-4557-b9b2-c800552a733a	Interaction	0	2020-12-10T13:41:21.169Z	0	257.9379770409933	551.2866767844113	391.44859177163994	4	questionary	1607607680980	0	False	False	False	d08eac4d-48d3-4efb-ad71-e595e2bed2c1	d08eac4d-48d3-4efb-ad71-e595e2bed2c1	0	0.14088021900795644	415.7037619961253	9614	959	position	2020-12-10T13:41:21.169Z	0	106	541
28d133b9-87b8-4b7b-b33e-60699cf1cb44	Interaction	0	2020-12-10T13:41:22.141Z	0	211.0781845667619	219.52904135899652	346.63237009835075	9	questionary	1607607679189	561.796875	True	False	False	d08eac4d-48d3-4efb-ad71-e595e2bed2c1	d08eac4d-48d3-4efb-ad71-e595e2bed2c1	0	0.0001293189039570536	8.06225774829855	7818	7801	position	2020-12-10T13:41:22.141Z	400	143	512
587b6dc4-c1f0-4e14-8f0f-3471b849ea3d	Interaction	0	2020-12-10T13:41:21.110Z	0	203.94361965994426	211.74040710265956	340.57745080965066	0	questionary	1607607671362	561.796875	False	False	True	d08eac4d-48d3-4efb-ad71-e595e2bed2c1	d08eac4d-48d3-4efb-ad71-e595e2bed2c1	0	0	0	0	0	position	2020-12-10T13:41:21.110Z	400	147	505
9564b090-bb76-4b54-92cd-e21b2b2b4c10	Interaction	0	2020-12-10T13:41:20.284Z	0	124.00403219250575	251.0019920239678	195.38935487891862	7	questionary	1607607680017	561.796875	True	False	False	d08eac4d-48d3-4efb-ad71-e595e2bed2c1	d08eac4d-48d3-4efb-ad71-e595e2bed2c1	0	0.14507144152175763	201.7668554091598	8648	818	position	2020-12-10T13:41:20.284Z	400	319	521
50e80d47-b385-42da-8d2a-b8fb2442e26e	Interaction	0	2020-12-10T13:41:21.151Z	0	124.00403219250575	251.0019920239678	195.38935487891862	7	questionary	1607607680017	561.796875	True	False	False	d08eac4d-48d3-4efb-ad71-e595e2bed2c1	d08eac4d-48d3-4efb-ad71-e595e2bed2c1	0	0.14507144152175763	201.7668554091598	8648	818	position	2020-12-10T13:41:21.151Z	400	319	521
f9651282-e640-4668-a6b3-0a86d49ef860	Interaction	0	2020-12-10T13:41:20.271Z	0	211.0781845667619	219.52904135899652	346.63237009835075	9	questionary	1607607679189	561.796875	True	False	False	d08eac4d-48d3-4efb-ad71-e595e2bed2c1	d08eac4d-48d3-4efb-ad71-e595e2bed2c1	0	0.0001293189039570536	8.06225774829855	7818	7801	position	2020-12-10T13:41:20.271Z	400	143	512
3f30057c-7344-4292-a8c8-3c6f9b3d508b	Interaction	0	2020-12-10T13:41:19.570Z	0	203.94361965994426	211.74040710265956	340.57745080965066	4	questionary	1607607671376	561.796875	True	False	False	d08eac4d-48d3-4efb-ad71-e595e2bed2c1	d08eac4d-48d3-4efb-ad71-e595e2bed2c1	0	0	0	10	10	position	2020-12-10T13:41:19.570Z	400	147	505
c39769ad-63b3-4e2a-8d12-bd3f03e75d7c	Interaction	0	2020-12-10T13:41:22.142Z	0	211.0781845667619	219.52904135899652	346.63237009835075	5	questionary	1607607679180	561.796875	True	False	False	d08eac4d-48d3-4efb-ad71-e595e2bed2c1	d08eac4d-48d3-4efb-ad71-e595e2bed2c1	0	0.00014779303309377554	8.06225774829855	7813	7796	position	2020-12-10T13:41:22.142Z	400	143	512
13bd40da-88bd-4dbb-a239-5345f220412e	Interaction	0	2020-12-10T13:41:21.132Z	8.06225774829855	211.0781845667619	219.52904135899652	346.63237009835075	7793	questionary	1607607679172	561.796875	False	False	True	d08eac4d-48d3-4efb-ad71-e595e2bed2c1	d08eac4d-48d3-4efb-ad71-e595e2bed2c1	0.0010345512316564287	0	0	17	0	position	2020-12-10T13:41:21.132Z	400	143	512
aaa6e33b-0768-40d2-85a9-27042effad0f	Interaction	0	2020-12-10T13:41:21.152Z	0	257.9379770409933	258.68320393871727	391.44859177163994	5	questionary	1607607680985	585.796875	True	False	False	d08eac4d-48d3-4efb-ad71-e595e2bed2c1	d08eac4d-48d3-4efb-ad71-e595e2bed2c1	0	0.13259314730160607	415.7037619961253	9618	963	position	2020-12-10T13:41:21.152Z	400	106	541
3275221d-6c4f-4f95-a4e2-0805bdf7c29f	Interaction	0	2020-12-10T13:41:22.265Z	213.9369065869655	257.9379770409933	258.68320393871727	391.44859177163994	959	questionary	1607607680976	585.796875	False	False	True	d08eac4d-48d3-4efb-ad71-e595e2bed2c1	d08eac4d-48d3-4efb-ad71-e595e2bed2c1	0.22308332282269605	0.1354000120869738	201.7668554091598	8655	0	position	2020-12-10T13:41:22.265Z	400	106	541
0a57567e-f51f-43d6-879f-f459ebeb2f33	Interaction	0	2020-12-10T13:41:22.141Z	0	257.9379770409933	258.68320393871727	391.44859177163994	4	questionary	1607607680991	585.796875	True	False	False	d08eac4d-48d3-4efb-ad71-e595e2bed2c1	d08eac4d-48d3-4efb-ad71-e595e2bed2c1	0	0.118635973901437	415.7037619961253	9625	970	position	2020-12-10T13:41:22.141Z	400	106	541
be4843dd-8110-40c8-974f-e82dea41f46f	Interaction	0	2020-12-10T13:41:22.156Z	0	203.94361965994426	525.9600745303773	340.57745080965066	5	questionary	1607607671367	0	False	False	False	d08eac4d-48d3-4efb-ad71-e595e2bed2c1	d08eac4d-48d3-4efb-ad71-e595e2bed2c1	0	0	0	0	0	position	2020-12-10T13:41:22.156Z	0	147	505
dfca9d67-6611-4150-9367-d62f55b736b7	Interaction	0	2020-12-10T13:41:22.275Z	0	257.9379770409933	258.68320393871727	391.44859177163994	2	questionary	1607607680987	585.796875	True	False	False	d08eac4d-48d3-4efb-ad71-e595e2bed2c1	d08eac4d-48d3-4efb-ad71-e595e2bed2c1	0	0.12522686134040573	415.7037619961253	9623	968	position	2020-12-10T13:41:22.275Z	400	106	541
ab30fc8e-a552-4448-b241-c08cafe252c4	Interaction	0	2020-12-10T13:41:22.153Z	0	111.94641575325224	577.6374295351713	214.0840956259946	5	questionary	1607607681978	0	False	False	False	d08eac4d-48d3-4efb-ad71-e595e2bed2c1	d08eac4d-48d3-4efb-ad71-e595e2bed2c1	0	0.1161633687194388	597.7147506753806	10611	982	position	2020-12-10T13:41:22.153Z	0	284	503
8b746219-0573-4b28-8e39-bc32eef44707	Interaction	0	2020-12-10T13:41:20.254Z	0	203.94361965994426	211.74040710265956	340.57745080965066	4	questionary	1607607671376	561.796875	True	False	False	d08eac4d-48d3-4efb-ad71-e595e2bed2c1	d08eac4d-48d3-4efb-ad71-e595e2bed2c1	0	0	0	10	10	position	2020-12-10T13:41:20.254Z	400	147	505
98ede642-4c5a-4387-a46b-da8b1c967a02	Interaction	0	2020-12-10T13:41:19.589Z	8.06225774829855	211.0781845667619	219.52904135899652	346.63237009835075	7793	questionary	1607607679172	561.796875	False	False	True	d08eac4d-48d3-4efb-ad71-e595e2bed2c1	d08eac4d-48d3-4efb-ad71-e595e2bed2c1	0.0010345512316564287	0	0	17	0	position	2020-12-10T13:41:19.589Z	400	143	512
9668f405-bdc6-4334-a24f-4c01b409e45d	Interaction	0	2020-12-10T13:41:22.144Z	10.816653826391969	124.00403219250575	251.0019920239678	195.38935487891862	6	questionary	1607607680008	561.796875	True	False	False	d08eac4d-48d3-4efb-ad71-e595e2bed2c1	d08eac4d-48d3-4efb-ad71-e595e2bed2c1	1.8027756377319948	0.01901871196438434	190.95020158276785	8640	810	position	2020-12-10T13:41:22.144Z	400	319	521
cd3722c3-2239-4ba8-b143-565d91b1a502	Interaction	0	2020-12-10T13:41:21.114Z	0	203.94361965994426	525.9600745303773	340.57745080965066	5	questionary	1607607671367	0	False	False	False	d08eac4d-48d3-4efb-ad71-e595e2bed2c1	d08eac4d-48d3-4efb-ad71-e595e2bed2c1	0	0	0	0	0	position	2020-12-10T13:41:21.114Z	0	147	505
a1acb904-28e5-414d-9507-566796a1d382	Interaction	0	2020-12-10T13:41:20.283Z	182.8879438344693	133.09395177843356	261.7728022541685	196.7587355112855	805	questionary	1607607679997	561.796875	False	False	True	d08eac4d-48d3-4efb-ad71-e595e2bed2c1	d08eac4d-48d3-4efb-ad71-e595e2bed2c1	0.22718999234095566	0.00010345512316564288	8.06225774829855	7830	0	position	2020-12-10T13:41:20.283Z	400	325	530
f6ba81c7-6ab7-4d85-9b23-0eb1f222fb9e	Interaction	0	2020-12-10T13:41:20.157Z	0	124.00403219250575	251.0019920239678	195.38935487891862	2	questionary	1607607680010	561.796875	True	False	False	d08eac4d-48d3-4efb-ad71-e595e2bed2c1	d08eac4d-48d3-4efb-ad71-e595e2bed2c1	0	0.15623078317727745	201.7668554091598	8646	816	position	2020-12-10T13:41:20.157Z	400	319	521
76b26c30-e0f2-4c89-93eb-0265016fb363	Interaction	0	2020-12-10T13:41:21.161Z	0	257.9379770409933	258.68320393871727	391.44859177163994	2	questionary	1607607680987	585.796875	True	False	False	d08eac4d-48d3-4efb-ad71-e595e2bed2c1	d08eac4d-48d3-4efb-ad71-e595e2bed2c1	0	0.12522686134040573	415.7037619961253	9623	968	position	2020-12-10T13:41:21.161Z	400	106	541
e2472173-c6a9-4f72-b5a7-474ffbd837b6	Interaction	0	2020-12-10T13:41:19.582Z	0	203.94361965994426	211.74040710265956	340.57745080965066	5	questionary	1607607671372	561.796875	True	False	False	d08eac4d-48d3-4efb-ad71-e595e2bed2c1	d08eac4d-48d3-4efb-ad71-e595e2bed2c1	0	0	0	5	5	position	2020-12-10T13:41:19.582Z	400	147	505
7e4f182c-dd4a-46f0-8867-410f1e234b6d	Interaction	0	2020-12-10T13:41:21.136Z	0	211.0781845667619	219.52904135899652	346.63237009835075	3	questionary	1607607679192	561.796875	True	False	False	d08eac4d-48d3-4efb-ad71-e595e2bed2c1	d08eac4d-48d3-4efb-ad71-e595e2bed2c1	0	0.0001149501368507143	8.06225774829855	7827	7810	position	2020-12-10T13:41:21.136Z	400	143	512
8a00ec72-b32b-4b73-92c5-1b4ecb11dd61	Interaction	0	2020-12-10T13:41:22.160Z	0	203.94361965994426	211.74040710265956	340.57745080965066	5	questionary	1607607671372	561.796875	True	False	False	d08eac4d-48d3-4efb-ad71-e595e2bed2c1	d08eac4d-48d3-4efb-ad71-e595e2bed2c1	0	0	0	5	5	position	2020-12-10T13:41:22.160Z	400	147	505
569a8967-ca88-4421-a6a3-ebef8a98e9e1	Interaction	0	2020-12-10T13:41:22.272Z	0	124.00403219250575	251.0019920239678	195.38935487891862	2	questionary	1607607680010	561.796875	True	False	False	d08eac4d-48d3-4efb-ad71-e595e2bed2c1	d08eac4d-48d3-4efb-ad71-e595e2bed2c1	0	0.15623078317727745	201.7668554091598	8646	816	position	2020-12-10T13:41:22.272Z	400	319	521
3b36791b-7be7-4fe7-befd-4c48239f5711	Interaction	0	2020-12-10T13:41:21.104Z	0	203.94361965994426	211.74040710265956	340.57745080965066	5	questionary	1607607671372	561.796875	True	False	False	d08eac4d-48d3-4efb-ad71-e595e2bed2c1	d08eac4d-48d3-4efb-ad71-e595e2bed2c1	0	0	0	5	5	position	2020-12-10T13:41:21.104Z	400	147	505
b3ab2376-50bf-4430-9b91-2238277da4e4	Interaction	0	2020-12-10T13:41:22.253Z	0	203.94361965994426	211.74040710265956	340.57745080965066	4	questionary	1607607671376	561.796875	True	False	False	d08eac4d-48d3-4efb-ad71-e595e2bed2c1	d08eac4d-48d3-4efb-ad71-e595e2bed2c1	0	0	0	10	10	position	2020-12-10T13:41:22.253Z	400	147	505
e9e7e048-6706-44b6-8162-6e5e8fe0cb42	Interaction	0	2020-12-10T13:41:22.135Z	182.8879438344693	133.09395177843356	261.7728022541685	196.7587355112855	805	questionary	1607607679997	561.796875	False	False	True	d08eac4d-48d3-4efb-ad71-e595e2bed2c1	d08eac4d-48d3-4efb-ad71-e595e2bed2c1	0.22718999234095566	0.00010345512316564288	8.06225774829855	7830	0	position	2020-12-10T13:41:22.135Z	400	325	530
468b7026-e6e4-471a-a3b7-b5eda010e6eb	Interaction	0	2020-12-10T13:41:21.339Z	0	124.00403219250575	251.0019920239678	195.38935487891862	2	questionary	1607607680010	561.796875	True	False	False	d08eac4d-48d3-4efb-ad71-e595e2bed2c1	d08eac4d-48d3-4efb-ad71-e595e2bed2c1	0	0.15623078317727745	201.7668554091598	8646	816	position	2020-12-10T13:41:21.339Z	400	319	521
683520a7-d03c-4d75-b27d-1de32d2bebed	Interaction	0	2020-12-10T13:41:21.164Z	182.8879438344693	133.09395177843356	261.7728022541685	196.7587355112855	805	questionary	1607607679997	561.796875	False	False	True	d08eac4d-48d3-4efb-ad71-e595e2bed2c1	d08eac4d-48d3-4efb-ad71-e595e2bed2c1	0.22718999234095566	0.00010345512316564288	8.06225774829855	7830	0	position	2020-12-10T13:41:21.164Z	400	325	530
3dbeb3cb-cd73-435f-b7d8-38b9f6d514b9	Interaction	0	2020-12-10T13:41:22.285Z	0	257.9379770409933	258.68320393871727	391.44859177163994	5	questionary	1607607680985	585.796875	True	False	False	d08eac4d-48d3-4efb-ad71-e595e2bed2c1	d08eac4d-48d3-4efb-ad71-e595e2bed2c1	0	0.13259314730160607	415.7037619961253	9618	963	position	2020-12-10T13:41:22.285Z	400	106	541
d2d5a4c0-e7b8-4459-abe5-5b2dbc01b149	Interaction	0	2020-12-10T13:41:20.256Z	0	203.94361965994426	211.74040710265956	340.57745080965066	5	questionary	1607607671372	561.796875	True	False	False	d08eac4d-48d3-4efb-ad71-e595e2bed2c1	d08eac4d-48d3-4efb-ad71-e595e2bed2c1	0	0	0	5	5	position	2020-12-10T13:41:20.256Z	400	147	505
a8f48f9c-22b1-454f-85f7-e7e395024421	Interaction	0	2020-12-10T13:41:22.143Z	0	133.09395177843356	621.7113478134366	196.7587355112855	5	questionary	1607607680002	0	False	False	False	d08eac4d-48d3-4efb-ad71-e595e2bed2c1	d08eac4d-48d3-4efb-ad71-e595e2bed2c1	0	0.02074768577932837	190.95020158276785	8635	805	position	2020-12-10T13:41:22.143Z	0	325	530
4212ee75-7ffa-43a4-b1c6-5ed1864c7ef3	Interaction	0	2020-12-10T13:41:21.344Z	0	133.09395177843356	621.7113478134366	196.7587355112855	5	questionary	1607607680002	0	False	False	False	d08eac4d-48d3-4efb-ad71-e595e2bed2c1	d08eac4d-48d3-4efb-ad71-e595e2bed2c1	0	0.02074768577932837	190.95020158276785	8635	805	position	2020-12-10T13:41:21.344Z	0	325	530
95e42ce9-aa84-42f0-ac70-c82575a7a327	Interaction	0	2020-12-10T13:41:22.142Z	0	203.94361965994426	211.74040710265956	340.57745080965066	3	questionary	1607607671379	561.796875	True	False	False	d08eac4d-48d3-4efb-ad71-e595e2bed2c1	d08eac4d-48d3-4efb-ad71-e595e2bed2c1	0	0	0	14	14	position	2020-12-10T13:41:22.142Z	400	147	505
504c2c80-1c13-4766-b864-67a77d269f01	Interaction	0	2020-12-10T13:41:21.166Z	0	257.9379770409933	258.68320393871727	391.44859177163994	4	questionary	1607607680991	585.796875	True	False	False	d08eac4d-48d3-4efb-ad71-e595e2bed2c1	d08eac4d-48d3-4efb-ad71-e595e2bed2c1	0	0.118635973901437	415.7037619961253	9625	970	position	2020-12-10T13:41:21.166Z	400	106	541
9f96cc92-a9c0-4e8f-8990-c5ebb2c3f601	Interaction	0	2020-12-10T13:41:20.340Z	0	211.0781845667619	219.52904135899652	346.63237009835075	5	questionary	1607607679180	561.796875	True	False	False	d08eac4d-48d3-4efb-ad71-e595e2bed2c1	d08eac4d-48d3-4efb-ad71-e595e2bed2c1	0	0.00014779303309377554	8.06225774829855	7813	7796	position	2020-12-10T13:41:20.340Z	400	143	512
3cfbc0e4-dded-49c5-aebe-9bda9d903686	Interaction	0	2020-12-10T13:41:19.545Z	0	211.0781845667619	219.52904135899652	346.63237009835075	9	questionary	1607607679189	561.796875	True	False	False	d08eac4d-48d3-4efb-ad71-e595e2bed2c1	d08eac4d-48d3-4efb-ad71-e595e2bed2c1	0	0.0001293189039570536	8.06225774829855	7818	7801	position	2020-12-10T13:41:19.545Z	400	143	512
a3b491d8-ef7b-4b87-bc4f-c5179e3ea321	Interaction	0	2020-12-10T13:41:22.258Z	0	111.94641575325224	219.69296757065302	214.0840956259946	4	questionary	1607607681982	561.796875	False	False	True	d08eac4d-48d3-4efb-ad71-e595e2bed2c1	d08eac4d-48d3-4efb-ad71-e595e2bed2c1	0	0.11088321559582794	597.7147506753806	10616	987	position	2020-12-10T13:41:22.258Z	400	284	503
